{
  "_outputs_3356": 54836461.546,
  "_outputs_input.11": 328123514.88000005,
  "_outputs_input.125": 23897732.352,
  "_outputs_input.128": 149338583.424,
  "_outputs_input.131": 248884201.152,
  "_outputs_input.132": 115583171.84,
  "_outputs_input.135": 116072613.888,
  "_outputs_input.138": 556773978.6240001,
  "_outputs_input.15": 82081363.968,
  "_outputs_input.2": 234776464.384,
  "_outputs_input.33": 37243664.384,
  "_outputs_input.36": 17294322.528,
  "_outputs_input.39": 138247766.016,
  "_outputs_input.40": 37405237.120000005,
  "_outputs_input.43": 75064748.544,
  "_outputs_input.46": 69734018.304,
  "_outputs_input.5": 2790465.6384,
  "_outputs_input.70": 18247666.688,
  "_outputs_input.73": 27515406.880000003,
  "_outputs_input.76": 266191736.83200002,
  "_outputs_input.77": 33982428.48,
  "_outputs_input.80": 205557494.4,
  "_outputs_input.83": 510232611.2,
  "_outputs_input.8": 94039360.704
}